Kind,Name,SumCyclomatic,AvgEssential,MaxInheritanceTree,PercentLackOfCohesion,CountClassDerived,CountClassCoupled,CountDeclMethod,Essential,CountLineCode
Public Class,org.junit.jupiter.api.AssertionFailureBuilder,31,1,1,87,0,8,17,,99
Public Class,org.junit.jupiter.api.Assertions,292,1,1,0,1,41,292,,1025
Public Class,org.junit.jupiter.api.Assumptions,26,1,1,0,1,9,19,,80
Public Class,org.junit.jupiter.api.DynamicContainer,5,1,2,60,0,7,5,,22
Public Class,org.junit.jupiter.api.DynamicTest,13,1,2,80,0,10,10,,59
Public Class,org.junit.jupiter.api.EqualsAndHashCodeAssertions,2,1,1,0,0,1,2,,21
Public Class,org.junit.jupiter.api.TemporaryClasspathExecutor,3,1,1,0,0,6,2,,17
Public Class,org.junit.jupiter.api.condition.DisabledIfConditionClassLoaderTests,2,1,1,0,0,13,2,,27
Public Class,org.junit.jupiter.api.condition.DisabledIfConditionTests,9,1,2,0,0,6,9,,58
Public Class,org.junit.jupiter.api.condition.DisabledIfIntegrationTests,11,1,1,0,0,5,11,,57
Public Class,org.junit.jupiter.api.condition.EnabledIfConditionClassLoaderTests,2,1,1,0,0,13,2,,27
Public Class,org.junit.jupiter.api.condition.EnabledIfConditionTests,9,1,2,0,0,6,9,,58
Public Class,org.junit.jupiter.api.condition.EnabledIfIntegrationTests,11,1,1,0,0,5,11,,57
Public Class,org.junit.jupiter.api.condition.JRETests,20,1,1,0,0,3,20,,113
Public Class,org.junit.jupiter.api.condition.StaticConditionMethods,2,1,1,0,0,0,2,,8
Public Class,org.junit.jupiter.api.extension.CloseableResourceIntegrationTests,2,1,2,0,0,10,2,,57
Public Class,org.junit.jupiter.api.extension.ConditionEvaluationResult,8,1,1,57,0,6,7,,35
Public Class,org.junit.jupiter.api.extension.ExecutableInvokerIntegrationTests,2,1,2,0,0,8,2,,67
Public Class,org.junit.jupiter.api.extension.ExtensionConfigurationException,2,1,3,0,0,3,2,,10
Public Class,org.junit.jupiter.api.extension.ExtensionContextException,2,1,3,0,0,4,2,,12
Public Class,org.junit.jupiter.api.extension.ExtensionContextParameterResolver,2,1,1,0,0,4,2,,12
Public Class,org.junit.jupiter.api.extension.KitchenSinkExtension,42,1,1,0,0,15,42,,184
Public Class,org.junit.jupiter.api.extension.MediaType,9,1,1,43,0,8,7,,54
Public Class,org.junit.jupiter.api.extension.ParameterResolutionException,2,1,3,0,0,3,2,,10
Public Class,org.junit.jupiter.api.extension.TemplateInvocationValidationException,1,1,3,0,0,2,1,,7
Public Class,org.junit.jupiter.api.extension.TestInstantiationException,2,1,3,0,0,3,2,,10
Public Class,org.junit.jupiter.api.parallel.Resources,1,1,1,0,0,2,1,,14
Public Class,org.junit.jupiter.engine.ClassTemplateInvocationTests,48,1,2,0,0,63,31,,1209
Public Class,org.junit.jupiter.engine.JupiterTestEngineTests,8,1,1,74,0,12,7,,49
Public Class,org.junit.jupiter.engine.bridge.ChildWithBridgeMethods,3,1,2,0,0,4,3,,14
Public Class,org.junit.jupiter.engine.config.CachingJupiterConfiguration,33,1,1,50,0,21,19,,99
Public Class,org.junit.jupiter.engine.config.DefaultJupiterConfiguration,24,1,1,50,0,25,21,,120
Public Class,org.junit.jupiter.engine.descriptor.ClassTemplateInvocationTestDescriptor,20,1,3,69,0,32,15,,103
Public Class,org.junit.jupiter.engine.descriptor.ClassTemplateTestDescriptor,26,1,4,70,0,28,16,,176
Public Class,org.junit.jupiter.engine.descriptor.ClassTestDescriptor,10,1,4,0,0,19,8,,39
Public Class,org.junit.jupiter.engine.descriptor.CustomDisplayNameGenerator,3,1,1,0,0,5,3,,15
Public Class,org.junit.jupiter.engine.descriptor.DynamicDescendantFilter,15,1,1,52,1,9,11,,71
Private Class,org.junit.jupiter.engine.descriptor.DynamicDescendantFilter.WithoutIndexFiltering,3,1,2,0,0,4,3,,14
Public Class,org.junit.jupiter.engine.descriptor.ExtensionContextTests,89,1,1,60,0,60,25,,406
Public Class,org.junit.jupiter.engine.descriptor.JupiterEngineDescriptor,5,1,3,40,0,14,5,,32
Public Class,org.junit.jupiter.engine.descriptor.LauncherStoreFacade,8,1,1,58,0,9,6,,29
Public Class,org.junit.jupiter.engine.descriptor.NamespaceTests,2,1,1,0,0,3,2,,14
Public Class,org.junit.jupiter.engine.descriptor.NestedClassTestDescriptor,11,1,4,0,0,21,8,,52
Public Class,org.junit.jupiter.engine.descriptor.TestFactoryTestDescriptor,24,1,5,69,0,40,13,,119
Public Class,org.junit.jupiter.engine.descriptor.TestMethodTestDescriptor,43,1,4,87,2,41,23,,180
Public Class,org.junit.jupiter.engine.descriptor.TestTemplateInvocationTestDescriptor,8,1,5,43,0,15,7,,43
Public Class,org.junit.jupiter.engine.descriptor.TestTemplateTestDescriptor,8,1,4,50,0,22,8,,95
Private Class,org.junit.jupiter.engine.descriptor.TestTemplateTestDescriptor.TestTemplateExecutor,8,1,2,0,0,13,8,,43
Public Class,org.junit.jupiter.engine.descriptor.subpackage.Class1WithTestCases,1,1,1,0,0,1,1,,5
Public Class,org.junit.jupiter.engine.descriptor.subpackage.Class2WithTestCases,1,1,1,0,0,1,1,,5
Public Class,org.junit.jupiter.engine.descriptor.subpackage.ClassWithStaticInnerTestCases,0,0,1,0,0,0,0,,14
Public Class,org.junit.jupiter.engine.descriptor.subpackage.ClassWithoutTestCases,0,0,1,0,0,0,0,,2
Public Class,org.junit.jupiter.engine.discovery.DiscoverySelectorResolver,2,1,1,0,0,17,2,,26
Private Class,org.junit.jupiter.engine.discovery.DiscoveryTests.InvalidTestCases.InvalidTestClassSubclassTestCase,0,0,2,0,0,0,0,,2
Private Class,org.junit.jupiter.engine.discovery.DiscoveryTests.InvalidTestCases.InvalidTestClassTestCase,1,1,1,0,1,3,1,,16
Public Class,org.junit.jupiter.engine.discovery.JupiterUniqueIdBuilder,13,1,1,0,0,17,10,,42
Public Class,org.junit.jupiter.engine.discovery.predicates.IsTestFactoryMethod,15,3,2,0,0,16,5,,62
Public Class,org.junit.jupiter.engine.discovery.predicates.IsTestMethod,1,1,2,0,0,3,1,,6
Public Class,org.junit.jupiter.engine.discovery.predicates.IsTestTemplateMethod,1,1,2,0,0,3,1,,6
Public Class,org.junit.jupiter.engine.discovery.predicates.TestClassPredicates,25,1,1,91,0,17,13,,80
Public Class,org.junit.jupiter.engine.discovery.predicates.TestClassPredicatesTests,0,0,1,0,0,4,0,,310
Private Class,org.junit.jupiter.engine.discovery.predicates.TestClassPredicatesTests.TestCases.NestedClassesTestCase.PrivateInnerClass,0,0,1,0,0,2,0,,4
Private Class,org.junit.jupiter.engine.discovery.predicates.TestClassPredicatesTests.TestCases.PrivateClassWithNestedTestClass,0,0,1,0,0,1,0,,12
Private Class,org.junit.jupiter.engine.discovery.predicates.TestClassPredicatesTests.TestCases.PrivateClassWithTestFactory,1,1,1,0,0,4,1,,7
Private Class,org.junit.jupiter.engine.discovery.predicates.TestClassPredicatesTests.TestCases.PrivateClassWithTestMethod,1,1,1,0,0,2,1,,6
Private Class,org.junit.jupiter.engine.discovery.predicates.TestClassPredicatesTests.TestCases.PrivateClassWithTestTemplate,1,1,1,0,0,2,1,,6
Public Class,org.junit.jupiter.engine.execution.ConditionEvaluator,8,1,1,0,0,13,4,,34
Public Class,org.junit.jupiter.engine.execution.DefaultExecutableInvoker,3,1,1,0,0,9,3,,21
Public Class,org.junit.jupiter.engine.execution.DefaultTestInstances,9,1,1,29,0,9,7,,39
Public Class,org.junit.jupiter.engine.execution.InterceptingExecutableInvoker,7,1,1,0,0,16,4,,49
Public Class,org.junit.jupiter.engine.execution.InvocationInterceptorChain,7,1,1,0,0,11,4,,104
Public Class,org.junit.jupiter.engine.execution.JupiterEngineExecutionContext,17,1,1,71,0,13,15,,120
Public Class,org.junit.jupiter.engine.execution.NamespaceAwareStore,17,1,1,89,0,10,9,,58
Public Class,org.junit.jupiter.engine.execution.ParameterResolutionUtils,21,1,1,0,0,24,6,,95
Public Class,org.junit.jupiter.engine.execution.injection.sample.CustomAnnotationParameterResolver,2,1,1,0,0,5,2,,10
Public Class,org.junit.jupiter.engine.execution.injection.sample.CustomType,1,1,1,0,0,3,1,,7
Public Class,org.junit.jupiter.engine.execution.injection.sample.CustomTypeParameterResolver,2,1,1,0,0,4,2,,10
Public Class,org.junit.jupiter.engine.execution.injection.sample.DoubleParameterResolver,2,1,1,0,0,4,2,,10
Public Class,org.junit.jupiter.engine.execution.injection.sample.LongParameterResolver,5,3,1,0,0,7,2,,23
Public Class,org.junit.jupiter.engine.execution.injection.sample.MapOfListsTypeBasedParameterResolver,1,1,2,0,0,5,1,,7
Public Class,org.junit.jupiter.engine.execution.injection.sample.MapOfStringsParameterResolver,4,2,1,0,0,8,2,,20
Public Class,org.junit.jupiter.engine.execution.injection.sample.NullIntegerParameterResolver,2,1,1,0,0,3,2,,11
Public Class,org.junit.jupiter.engine.execution.injection.sample.NumberParameterResolver,2,1,1,0,0,3,2,,10
Public Class,org.junit.jupiter.engine.execution.injection.sample.PrimitiveArrayParameterResolver,2,1,1,0,0,3,2,,10
Public Class,org.junit.jupiter.engine.execution.injection.sample.PrimitiveIntegerParameterResolver,2,1,1,0,0,3,2,,10
Public Class,org.junit.jupiter.engine.extension.ConfigLoaderExtension,1,1,1,0,0,2,1,,5
Public Class,org.junit.jupiter.engine.extension.DefaultTestReporterTests,14,1,1,38,0,17,8,,80
Public Class,org.junit.jupiter.engine.extension.MutableExtensionRegistry,38,1,1,81,0,39,21,,203
Public Class,org.junit.jupiter.engine.extension.ServiceLoaderExtension,1,1,1,0,0,2,1,,5
Public Class,org.junit.jupiter.engine.extension.TestInstancePreDestroyCallbackUtilityMethodTests,2,1,2,0,0,13,1,,68
Public Class,org.junit.jupiter.engine.extension.sub.AlwaysDisabledCondition,1,1,1,0,1,3,1,,6
Public Class,org.junit.jupiter.engine.extension.sub.AnotherAlwaysDisabledCondition,0,0,2,0,0,0,0,,2
Public Class,org.junit.jupiter.engine.extension.sub.SystemPropertyCondition,3,3,1,0,0,9,1,,24
Public Class,org.junit.jupiter.engine.subpackage.SuperClassWithPackagePrivateLifecycleMethodInDifferentPackageTestCase,2,1,1,0,3,2,2,,11
Public Class,org.junit.jupiter.engine.support.JupiterThrowableCollectorFactory,1,1,1,0,0,3,1,,6
Public Class,org.junit.jupiter.extensions.Heavyweight,3,1,1,0,0,8,3,,45
Public Class,org.junit.jupiter.jmh.AssertionBenchmarks,11,1,1,0,0,3,7,,30
Public Class,org.junit.jupiter.migrationsupport.conditions.IgnoreCondition,5,1,1,0,0,8,3,,19
Public Class,org.junit.jupiter.migrationsupport.rules.AbstractTestRuleAdapterTests,4,1,1,0,0,10,3,,40
Public Class,org.junit.jupiter.migrationsupport.rules.EnableRuleMigrationSupportWithBothRuleTypesTests,5,1,1,72,0,8,3,,51
Public Class,org.junit.jupiter.migrationsupport.rules.ExpectedExceptionSupport,6,1,1,50,0,11,4,,22
Public Class,org.junit.jupiter.migrationsupport.rules.ExternalResourceSupport,3,1,1,33,0,7,3,,14
Public Class,org.junit.jupiter.migrationsupport.rules.ExternalResourceSupportForMixedMethodAndFieldRulesTests,8,1,1,72,1,11,5,,53
Public Class,org.junit.jupiter.migrationsupport.rules.ExternalResourceSupportForMultipleFieldRulesTests,4,1,1,67,0,7,2,,41
Public Class,org.junit.jupiter.migrationsupport.rules.ExternalResourceSupportForMultipleMethodRulesTests,6,1,1,75,0,7,4,,45
Public Class,org.junit.jupiter.migrationsupport.rules.ExternalResourceSupportForTemporaryFolderFieldTests,2,1,1,25,0,7,2,,14
Public Class,org.junit.jupiter.migrationsupport.rules.ExternalResourceSupportWithInheritanceTests,0,0,2,0,0,0,0,,3
Public Class,org.junit.jupiter.migrationsupport.rules.ExternalResourceWithoutAdapterTests,3,1,1,50,0,5,2,,16
Public Class,org.junit.jupiter.migrationsupport.rules.VerifierSupport,2,1,1,50,0,7,2,,10
Public Class,org.junit.jupiter.migrationsupport.rules.VerifierSupportForMixedMethodAndFieldRulesTests,5,1,1,75,0,6,3,,32
Public Class,org.junit.jupiter.migrationsupport.rules.WrongExtendWithForVerifierFieldTests,3,1,1,75,0,6,2,,19
Public Class,org.junit.jupiter.migrationsupport.rules.WrongExtendWithForVerifierMethodTests,4,1,1,67,0,6,3,,22
Public Class,org.junit.jupiter.migrationsupport.rules.adapter.ExpectedExceptionAdapter,4,1,2,0,0,6,3,,16
Public Class,org.junit.jupiter.migrationsupport.rules.adapter.ExternalResourceAdapter,3,1,2,0,0,4,3,,14
Public Class,org.junit.jupiter.migrationsupport.rules.adapter.VerifierAdapter,2,1,2,0,0,4,2,,10
Public Class,org.junit.jupiter.params.ParameterizedClassIntegrationTests,13,1,2,0,0,41,7,,1682
Public Class,org.junit.jupiter.params.ParameterizedInvocationConstants,1,1,1,0,0,3,1,,14
Public Class,org.junit.jupiter.params.ParameterizedInvocationNameFormatterBenchmarks,4,1,1,25,0,18,2,,33
Public Class,org.junit.jupiter.params.aggregator.AggregatorIntegrationTests,24,1,1,0,0,35,20,,293
Public Class,org.junit.jupiter.params.aggregator.ArgumentAccessException,2,1,3,0,0,3,2,,10
Public Class,org.junit.jupiter.params.aggregator.ArgumentsAggregationException,2,1,3,0,0,3,2,,10
Public Class,org.junit.jupiter.params.aggregator.DefaultArgumentsAccessor,22,1,1,82,0,23,17,,94
Public Class,org.junit.jupiter.params.converter.ArgumentConversionException,2,1,3,0,0,3,2,,10
Public Class,org.junit.jupiter.params.converter.DefaultArgumentConverter,12,2,1,67,0,16,6,,59
Public Class,org.junit.jupiter.params.provider.CsvParsingException,2,1,3,0,0,3,2,,10
Public Class,org.junit.platform.commons.JUnitException,3,1,2,0,16,3,3,,14
Public Class,org.junit.platform.commons.PreconditionViolationException,2,1,4,0,0,4,2,,11
Public Class,org.junit.platform.commons.function.TryTests,25,1,1,0,0,8,5,,74
Public Class,org.junit.platform.commons.logging.LogRecordListener,12,1,1,50,0,8,6,,31
Public Class,org.junit.platform.commons.support.DefaultResource,8,1,1,17,0,7,6,,37
Private Class,org.junit.platform.commons.support.ModifierSupportTests.PrivateClass,1,1,1,0,0,1,1,,5
Public Class,org.junit.platform.commons.support.ModifierSupportTests.PublicClass,1,1,1,0,0,0,1,,4
Public Class,org.junit.platform.commons.support.conversion.ConversionException,2,1,3,0,0,3,2,,10
Public Class,org.junit.platform.commons.support.scanning.ClassFilter,6,1,1,60,0,5,5,,21
Public Class,org.junit.platform.commons.support.scanning.DefaultClasspathScanner,54,1,1,92,0,37,26,,232
Public Class,org.junit.platform.commons.test.ConcurrencyTestingUtils,9,1,1,0,0,12,2,,43
Public Class,org.junit.platform.commons.test.TestClassLoader,11,1,2,67,0,11,6,,35
Public Class,org.junit.platform.commons.util.ClassNamePatternFilterUtils,20,1,1,0,0,11,9,,55
Public Class,org.junit.platform.commons.util.ModuleUtils,9,1,1,0,0,11,6,,30
Public Class,org.junit.platform.commons.util.ModuleUtils,26,1,1,0,0,24,10,,149
Public Class,org.junit.platform.commons.util.PreconditionViolationException,2,1,3,0,1,4,2,,11
Public Class,org.junit.platform.commons.util.ReflectionUtilsTests.MiscellaneousTests.NonGenericClass,1,1,1,0,0,0,1,,4
Private Class,org.junit.platform.commons.util.ReflectionUtilsTests.ModifierTests.PrivateClass,1,1,1,0,0,1,1,,5
Public Class,org.junit.platform.commons.util.ReflectionUtilsTests.ModifierTests.PublicClass,5,1,1,0,0,2,5,,12
Public Class,org.junit.platform.commons.util.SerializationUtils,2,1,1,0,0,5,2,,15
Public Class,org.junit.platform.commons.util.ServiceLoaderUtils,3,1,1,0,0,7,2,,13
Public Class,org.junit.platform.commons.util.ServiceLoaderUtils,3,1,1,0,0,4,2,,12
Public Class,org.junit.platform.commons.util.ToStringBuilder,7,1,1,67,0,9,6,,27
Public Class,org.junit.platform.commons.util.classes.AExecutionConditionClass,1,1,1,0,0,3,1,,6
Public Class,org.junit.platform.commons.util.classes.ATestExecutionListenerClass,0,0,1,0,0,0,0,,2
Public Class,org.junit.platform.commons.util.classes.AVanillaEmpty,0,0,1,0,0,0,0,,2
Public Class,org.junit.platform.commons.util.classes.BExecutionConditionClass,1,1,1,0,0,3,1,,6
Public Class,org.junit.platform.commons.util.classes.BTestExecutionListenerClass,0,0,1,0,0,0,0,,2
Public Class,org.junit.platform.commons.util.classes.BVanillaEmpty,0,0,1,0,0,0,0,,2
Public Class,org.junit.platform.commons.util.classes.CustomType,1,1,1,0,0,1,1,,6
Public Class,org.junit.platform.commons.util.pkg1.SuperclassWithStaticPackagePrivateBeforeMethod,1,1,1,0,1,1,1,,5
Public Class,org.junit.platform.commons.util.pkg1.SuperclassWithStaticPackagePrivateTempDirField,0,0,1,0,1,2,0,,4
Public Class,org.junit.platform.commons.util.pkg1.subpkg.SubclassWithNonStaticPackagePrivateBeforeMethod,1,1,2,0,0,1,1,,5
Public Class,org.junit.platform.commons.util.pkg1.subpkg.SubclassWithNonStaticPackagePrivateTempDirField,0,0,2,0,0,2,0,,4
Public Class,org.junit.platform.console.ConsoleLauncher,4,1,1,0,0,7,3,,17
Public Class,org.junit.platform.console.ConsoleLauncherToolProvider,2,1,1,0,0,6,2,,11
Public Class,org.junit.platform.console.options.CommandFacade,6,1,1,50,0,8,4,,25
Public Class,org.junit.platform.console.options.ConsoleUtils,1,1,1,0,0,2,1,,6
Public Class,org.junit.platform.console.options.ConsoleUtils,2,1,1,0,0,3,1,,7
Public Class,org.junit.platform.console.options.StdStreamTestCase,3,1,1,0,0,2,3,,15
Public Class,org.junit.platform.console.options.TestConsoleOutputOptions,14,1,1,86,0,7,14,,59
Public Class,org.junit.platform.console.options.TestDiscoveryOptions,56,1,1,96,0,7,56,,211
Public Class,org.junit.platform.console.tasks.ConsoleTestExecutor,36,1,1,79,0,36,18,,151
Public Class,org.junit.platform.console.tasks.TestFeedPrintingListenerTests,7,1,1,50,0,20,7,,72
Public Class,org.junit.platform.engine.DiscoveryIssueTests,8,1,1,0,0,11,7,,87
Public Class,org.junit.platform.engine.ExecutionRequest,9,1,1,78,0,8,9,,58
Public Class,org.junit.platform.engine.FilterResult,12,1,1,67,0,6,9,,38
Public Class,org.junit.platform.engine.SelectorResolutionResult,7,1,1,57,0,7,7,,39
Public Class,org.junit.platform.engine.TestExecutionResult,7,1,1,57,0,8,7,,37
Public Class,org.junit.platform.engine.UniqueId,26,1,1,79,0,13,18,,145
Public Class,org.junit.platform.engine.discovery.ClassSelector,14,1,1,44,0,13,9,,74
Public Class,org.junit.platform.engine.discovery.ClasspathResourceSelector,16,1,1,44,0,14,9,,91
Public Class,org.junit.platform.engine.discovery.ClasspathRootSelector,8,1,1,0,0,10,6,,50
Public Class,org.junit.platform.engine.discovery.DirectorySelector,10,1,1,0,0,11,8,,55
Public Class,org.junit.platform.engine.discovery.FilePosition,24,2,1,41,0,13,11,,90
Public Class,org.junit.platform.engine.discovery.FileSelector,12,1,1,22,0,12,9,,72
Public Class,org.junit.platform.engine.discovery.IterationSelector,17,1,1,33,0,15,9,,113
Public Class,org.junit.platform.engine.discovery.MethodSelector,30,1,1,61,0,17,20,,162
Public Class,org.junit.platform.engine.discovery.ModuleSelector,8,1,1,0,0,8,6,,49
Public Class,org.junit.platform.engine.discovery.NestedClassSelector,14,1,1,48,0,14,11,,81
Public Class,org.junit.platform.engine.discovery.NestedMethodSelector,22,1,1,37,0,16,19,,120
Public Class,org.junit.platform.engine.discovery.PackageSelector,8,1,1,0,0,8,6,,49
Public Class,org.junit.platform.engine.discovery.UniqueIdSelector,8,1,1,0,0,9,6,,49
Public Class,org.junit.platform.engine.discovery.UriSelector,8,1,1,0,0,9,6,,49
Public Class,org.junit.platform.engine.support.config.PrefixedConfigurationParameters,7,1,1,43,0,8,7,,33
Public Class,org.junit.platform.engine.support.descriptor.ClassSource,21,1,1,67,0,13,15,,85
Public Class,org.junit.platform.engine.support.descriptor.ClasspathResourceSource,14,1,1,50,0,10,10,,60
Public Class,org.junit.platform.engine.support.descriptor.CompositeTestSource,8,1,1,17,0,9,6,,36
Public Class,org.junit.platform.engine.support.descriptor.DemoClassTestDescriptor,3,1,2,33,0,10,3,,20
Public Class,org.junit.platform.engine.support.descriptor.DemoMethodTestDescriptor,4,1,2,33,0,11,3,,24
Public Class,org.junit.platform.engine.support.descriptor.DirectorySource,10,1,1,29,0,9,7,,44
Public Class,org.junit.platform.engine.support.descriptor.EngineDescriptor,2,1,2,0,6,5,2,,10
Public Class,org.junit.platform.engine.support.descriptor.FilePosition,22,2,1,45,0,12,10,,83
Public Class,org.junit.platform.engine.support.descriptor.FileSource,13,1,1,50,0,12,10,,58
Public Class,org.junit.platform.engine.support.descriptor.MethodSource,27,1,1,71,0,13,19,,116
Public Class,org.junit.platform.engine.support.descriptor.PackageSource,10,1,1,38,0,7,8,,39
Private Class,org.junit.platform.engine.support.discovery.EngineDiscoveryRequestResolution.DefaultContext,13,1,1,40,0,15,5,,53
Public Class,org.junit.platform.engine.support.discovery.EngineDiscoveryRequestResolverTests,4,1,1,0,0,10,2,,45
Private Class,org.junit.platform.engine.support.hierarchical.CompositeLock.CompositeLockManagedBlocker,3,1,1,0,0,3,2,,15
Public Class,org.junit.platform.engine.support.hierarchical.DemoEngineExecutionContext,1,1,1,0,0,1,1,,6
Public Class,org.junit.platform.engine.support.hierarchical.DemoHierarchicalContainerDescriptor,6,1,2,60,1,8,5,,28
Public Class,org.junit.platform.engine.support.hierarchical.DemoHierarchicalEngineDescriptor,6,1,3,60,0,6,5,,25
Public Class,org.junit.platform.engine.support.hierarchical.DemoHierarchicalTestDescriptor,9,1,2,61,0,9,6,,34
Public Class,org.junit.platform.engine.support.hierarchical.ExclusiveResource,11,1,1,48,0,8,7,,53
Public Class,org.junit.platform.engine.support.hierarchical.ForkJoinDeadLockTests,5,1,1,0,0,19,5,,114
Public Class,org.junit.platform.engine.support.hierarchical.ForkJoinPoolHierarchicalTestExecutorService,32,1,1,88,0,31,17,,204
Private Class,org.junit.platform.engine.support.hierarchical.NodeTestTask.DefaultDynamicTestExecutor,9,1,1,33,0,22,3,,43
Public Class,org.junit.platform.engine.support.hierarchical.OpenTest4JAwareThrowableCollector,1,1,2,0,0,2,1,,6
Public Class,org.junit.platform.engine.support.hierarchical.SameThreadHierarchicalTestExecutorService,4,1,1,0,0,5,4,,17
Private Class,org.junit.platform.engine.support.hierarchical.SingleLock.SingleLockManagedBlocker,3,1,1,0,0,3,2,,15
Public Class,org.junit.platform.engine.support.hierarchical.SingleTestExecutor,3,1,1,0,0,8,1,,22
Public Class,org.junit.platform.engine.support.hierarchical.ThrowableCollector,16,1,1,56,2,8,9,,65
Public Class,org.junit.platform.engine.support.store.Namespace,8,1,1,33,0,7,6,,41
Public Class,org.junit.platform.engine.support.store.NamespaceTests,2,1,1,0,0,4,2,,15
Public Class,org.junit.platform.engine.support.store.NamespacedHierarchicalStoreException,2,1,3,0,0,3,2,,10
Public Class,org.junit.platform.engine.support.store.NamespacedHierarchicalStoreTests,1,1,1,100,0,3,1,,398
Public Class,org.junit.platform.fakes.FaultyTestEngines,2,1,1,0,0,3,2,,38
Public Class,org.junit.platform.fakes.TestDescriptorStub,3,1,2,0,8,4,2,,9
Public Class,org.junit.platform.fakes.TestEngineSpy,5,1,1,60,6,8,5,,26
Public Class,org.junit.platform.fakes.TestEngineStub,5,1,1,60,25,7,5,,20
Public Class,org.junit.platform.jfr.FlightRecordingDiscoveryListener,5,1,1,60,0,16,5,,75
Public Class,org.junit.platform.jfr.FlightRecordingDiscoveryListenerIntegrationTests,1,1,1,0,0,14,1,,40
Public Class,org.junit.platform.jfr.FlightRecordingExecutionListener,8,1,1,71,0,21,7,,124
Public Class,org.junit.platform.jfr.FlightRecordingExecutionListenerIntegrationTests,1,1,1,0,0,15,1,,52
Public Class,org.junit.platform.launcher.EngineDiscoveryResult,6,1,1,50,0,7,6,,33
Public Class,org.junit.platform.launcher.EngineFilter,16,1,1,60,0,9,10,,65
Public Class,org.junit.platform.launcher.InterceptedTestEngine,1,1,2,0,0,1,1,,6
Public Class,org.junit.platform.launcher.InterceptorInjectedLauncherSessionListener,3,1,1,67,0,5,3,,17
Public Class,org.junit.platform.launcher.LauncherConstants,1,1,1,0,0,3,1,,27
Public Class,org.junit.platform.launcher.PostDiscoveryFilterStub,2,1,2,0,0,3,2,,8
Public Class,org.junit.platform.launcher.TestLauncherDiscoveryListener,1,1,1,0,0,2,1,,7
Public Class,org.junit.platform.launcher.TestLauncherInterceptor1,4,1,1,33,0,8,3,,27
Public Class,org.junit.platform.launcher.TestLauncherInterceptor2,2,1,1,50,0,2,2,,16
Public Class,org.junit.platform.launcher.TestLauncherSessionListener,4,2,1,0,0,1,2,,16
Public Class,org.junit.platform.launcher.TestPlan,31,1,1,88,1,20,18,,130
Public Class,org.junit.platform.launcher.TestPostDiscoveryTagFilter,1,1,1,0,0,4,1,,7
Public Class,org.junit.platform.launcher.core.ConfigurationParametersFactoryForTests,2,1,1,0,0,4,2,,10
Public Class,org.junit.platform.launcher.core.DiscoveryIssueException,1,1,3,0,0,2,1,,7
Public Class,org.junit.platform.launcher.core.EngineDiscoveryOrchestrator,33,1,1,90,0,39,17,,172
Public Class,org.junit.platform.launcher.core.EngineExecutionOrchestrator,27,1,1,87,0,32,15,,168
Public Class,org.junit.platform.launcher.core.HierarchicalOutputDirectoryProviderTests,4,1,1,31,0,12,4,,42
Public Class,org.junit.platform.launcher.core.InternalTestPlanTests,7,1,1,50,0,16,7,,69
Public Class,org.junit.platform.launcher.core.LauncherDiscoveryResult,13,1,1,61,0,13,11,,87
Public Class,org.junit.platform.launcher.core.LauncherFactory,25,1,1,0,0,30,13,,93
Public Class,org.junit.platform.launcher.core.LauncherFactoryForTestingPurposesOnly,2,1,1,0,0,5,2,,15
Public Class,org.junit.platform.launcher.core.ListenerRegistryTests,8,1,1,0,0,4,3,,21
Public Class,org.junit.platform.launcher.core.NamespacedHierarchicalStoreProviders,2,1,1,0,0,2,2,,8
Public Class,org.junit.platform.launcher.core.OutputDirectoryProviders,4,1,1,0,0,4,2,,10
Public Class,org.junit.platform.launcher.listeners.AnotherUnusedTestExecutionListener,1,1,1,0,0,2,1,,7
Public Class,org.junit.platform.launcher.listeners.LegacyReportingUtils,7,1,1,0,0,8,5,,32
Public Class,org.junit.platform.launcher.listeners.LoggingListener,14,1,1,83,0,11,12,,49
Public Class,org.junit.platform.launcher.listeners.LoggingListenerTests,3,1,1,0,0,14,2,,79
Public Class,org.junit.platform.launcher.listeners.NoopTestExecutionListener,1,1,1,0,0,2,1,,7
Public Class,org.junit.platform.launcher.listeners.OutputDir,21,1,1,69,0,15,8,,82
Public Class,org.junit.platform.launcher.listeners.SummaryGeneratingListener,22,1,1,44,0,11,8,,86
Public Class,org.junit.platform.launcher.listeners.UniqueIdTrackingListener,19,1,1,69,0,20,8,,74
Public Class,org.junit.platform.launcher.listeners.UnusedTestExecutionListener,1,1,1,0,0,2,1,,7
Public Class,org.junit.platform.launcher.listeners.discovery.LauncherDiscoveryListeners,12,1,1,0,0,11,6,,48
Public Class,org.junit.platform.launcher.listeners.discovery.LoggingLauncherDiscoveryListenerTests,5,1,1,0,0,17,5,,89
Public Class,org.junit.platform.launcher.listeners.session.CompositeLauncherSessionListenerTests,1,1,1,0,0,6,1,,16
Public Class,org.junit.platform.launcher.listeners.session.LauncherSessionListeners,4,2,1,0,0,5,2,,16
Public Class,org.junit.platform.reporting.legacy.xml.LegacyXmlReportGeneratingListener,16,1,1,73,0,19,13,,72
Private Class,org.junit.platform.reporting.legacy.xml.XmlReportWriter.XmlReport,44,1,1,75,0,35,26,,211
Public Class,org.junit.platform.reporting.open.xml.JUnitContributor,8,2,1,0,0,15,3,,40
Public Class,org.junit.platform.reporting.open.xml.JUnitContributorTests,1,1,1,0,0,7,1,,42
Public Class,org.junit.platform.reporting.open.xml.OpenTestReportGeneratingListener,64,1,1,84,0,59,21,,268
Public Class,org.junit.platform.reporting.open.xml.OpenTestReportGeneratingListenerTests,10,1,1,75,0,38,8,,170
Public Class,org.junit.platform.reporting.open.xml.OpenTestReportGenerationSystemPropertyOverride,4,1,1,0,0,6,3,,22
Public Class,org.junit.platform.reporting.testutil.FileUtils,3,1,1,0,0,6,1,,13
Public Class,org.junit.platform.runner.JUnitPlatform,12,1,2,63,0,28,9,,68
Public Class,org.junit.platform.suite.engine.BeforeAndAfterSuiteTests,20,1,1,0,0,41,13,,140
Public Class,org.junit.platform.suite.engine.testcases.ConfigurationSensitiveTestCase,2,1,1,0,0,3,2,,12
Public Class,org.junit.platform.suite.engine.testcases.DynamicTestsTestCase,3,1,1,0,0,2,1,,9
Public Class,org.junit.platform.suite.engine.testcases.EmptyDynamicTestsTestCase,1,1,1,0,0,2,1,,6
Public Class,org.junit.platform.suite.engine.testcases.EmptyTestTestCase,0,0,1,0,0,0,0,,2
Public Class,org.junit.platform.suite.engine.testcases.ErroneousTestCase,2,1,1,0,0,4,2,,11
Public Class,org.junit.platform.suite.engine.testcases.JUnit4TestsTestCase,1,1,1,0,0,1,1,,5
Public Class,org.junit.platform.suite.engine.testcases.MultipleTestsTestCase,2,1,1,0,0,1,2,,8
Public Class,org.junit.platform.suite.engine.testcases.SingleTestTestCase,2,1,1,0,0,5,1,,6
Public Class,org.junit.platform.suite.engine.testcases.StatefulTestCase,0,0,1,0,0,2,0,,18
Public Class,org.junit.platform.suite.engine.testcases.TaggedTestTestCase,1,1,1,0,0,2,1,,6
Public Class,org.junit.platform.suite.engine.testsuites.ConfigurationSuite,0,0,1,0,0,3,0,,5
Public Class,org.junit.platform.suite.engine.testsuites.CyclicSuite,0,0,1,0,0,3,0,,5
Public Class,org.junit.platform.suite.engine.testsuites.DynamicSuite,0,0,1,0,0,2,0,,4
Public Class,org.junit.platform.suite.engine.testsuites.EmptyCyclicSuite,0,0,1,0,0,3,0,,5
Public Class,org.junit.platform.suite.engine.testsuites.EmptyDynamicTestSuite,0,0,1,0,0,2,0,,4
Public Class,org.junit.platform.suite.engine.testsuites.EmptyDynamicTestWithFailIfNoTestFalseSuite,0,0,1,0,0,2,0,,4
Public Class,org.junit.platform.suite.engine.testsuites.EmptyTestCaseSuite,0,0,1,0,0,2,0,,4
Public Class,org.junit.platform.suite.engine.testsuites.EmptyTestCaseWithFailIfNoTestFalseSuite,0,0,1,0,0,2,0,,4
Public Class,org.junit.platform.suite.engine.testsuites.ErroneousTestSuite,0,0,1,0,0,2,0,,4
Public Class,org.junit.platform.suite.engine.testsuites.InheritedSuite,0,0,2,0,0,0,0,,2
Public Class,org.junit.platform.suite.engine.testsuites.LifecycleMethodsSuites,0,0,1,0,0,6,0,,159
Public Class,org.junit.platform.suite.engine.testsuites.MultiEngineSuite,0,0,1,0,0,2,0,,4
Public Class,org.junit.platform.suite.engine.testsuites.MultipleSuite,0,0,1,0,0,2,0,,4
Public Class,org.junit.platform.suite.engine.testsuites.NestedSuite,0,0,1,0,0,2,0,,10
Public Class,org.junit.platform.suite.engine.testsuites.SelectByIdentifierSuite,0,0,1,0,0,3,0,,5
Public Class,org.junit.platform.suite.engine.testsuites.SelectClassesSuite,0,0,1,0,0,2,0,,4
Public Class,org.junit.platform.suite.engine.testsuites.SelectMethodsSuite,0,0,1,0,0,2,0,,4
Public Class,org.junit.platform.suite.engine.testsuites.SuiteDisplayNameSuite,0,0,1,0,0,3,0,,5
Public Class,org.junit.platform.suite.engine.testsuites.SuiteSuite,0,0,1,0,0,3,0,,5
Public Class,org.junit.platform.suite.engine.testsuites.SuiteWithErroneousTestSuite,0,0,1,0,0,2,0,,4
Public Class,org.junit.platform.suite.engine.testsuites.ThreePartCyclicSuite,0,0,1,0,0,3,0,,17
Public Class,org.junit.platform.testkit.engine.EngineDiscoveryResults,3,1,1,33,0,4,3,,17
Public Class,org.junit.platform.testkit.engine.EngineExecutionResults,5,1,1,60,0,8,5,,25
Public Class,org.junit.platform.testkit.engine.Event,20,1,1,84,0,16,17,,72
Public Class,org.junit.platform.testkit.engine.EventStatistics,20,1,1,45,0,6,11,,51
Public Class,org.junit.platform.testkit.engine.Execution,9,1,1,67,0,10,9,,53
Public Class,org.junit.platform.testkit.engine.ExecutionRecorder,8,1,1,13,0,11,8,,34
Public Class,org.junit.platform.testkit.engine.TerminationInfo,12,1,1,67,0,7,9,,53
Public Class,org.junit.platform.tests.process.ProcessStarter,16,1,1,80,0,25,11,,75
Public Class,org.junit.platform.tests.process.WatchedProcess,6,1,1,33,0,6,3,,48
Private Class,org.junit.vintage.engine.JUnit4ParameterizedTests.StatusTrackingListener,2,1,1,0,0,5,1,,8
Public Class,org.junit.vintage.engine.VintageUniqueIdBuilder,10,1,1,0,0,4,9,,37
Public Class,org.junit.vintage.engine.descriptor.DescriptionUtils,5,3,1,0,0,3,2,,19
Public Class,org.junit.vintage.engine.descriptor.RunnerTestDescriptor,30,1,3,79,0,26,15,,161
Public Class,org.junit.vintage.engine.descriptor.TestSourceProvider,13,3,1,75,0,18,4,,49
Public Class,org.junit.vintage.engine.descriptor.VintageEngineDescriptor,2,1,3,0,0,3,2,,9
Public Class,org.junit.vintage.engine.descriptor.VintageTestDescriptor,22,1,2,46,1,18,13,,84
Public Class,org.junit.vintage.engine.discovery.IsPotentialJUnit4TestClass,4,4,1,0,0,5,1,,16
Public Class,org.junit.vintage.engine.discovery.IsPotentialJUnit4TestClassTests.FooBaz,0,0,1,0,0,0,0,,2
Public Class,org.junit.vintage.engine.discovery.VintageDiscoverer,2,1,1,0,0,14,1,,19
Public Class,org.junit.vintage.engine.execution.RunnerExecutor,5,1,1,33,0,10,3,,27
Public Class,org.junit.vintage.engine.execution.VintageExecutor,33,2,1,75,0,22,10,,126
Public Class,org.junit.vintage.engine.samples.PlainOldJavaClassWithoutAnyTestsTestCase,1,1,1,0,0,0,1,,4
Public Class,org.junit.vintage.engine.samples.junit3.IgnoredJUnit3TestCase,1,1,2,0,0,2,1,,6
Public Class,org.junit.vintage.engine.samples.junit3.JUnit3ParallelSuiteWithSubsuites,3,1,2,33,0,4,3,,21
Public Class,org.junit.vintage.engine.samples.junit3.JUnit3SuiteWithSingleTestCaseWithSingleTestWhichFails,1,1,2,0,0,3,1,,7
Public Class,org.junit.vintage.engine.samples.junit3.JUnit3SuiteWithSubsuites,3,1,2,33,0,3,3,,21
Public Class,org.junit.vintage.engine.samples.junit3.JUnit4SuiteWithIgnoredJUnit3TestCase,0,0,1,0,0,2,0,,4
Public Class,org.junit.vintage.engine.samples.junit3.PlainJUnit3TestCaseWithSingleTestWhichFails,1,1,2,0,0,1,1,,5
Public Class,org.junit.vintage.engine.samples.junit4.Categories,0,0,1,0,0,0,0,,12
Public Class,org.junit.vintage.engine.samples.junit4.CompletelyDynamicTestCase,0,0,1,0,0,2,0,,4
Public Class,org.junit.vintage.engine.samples.junit4.ConcreteJUnit4TestCase,0,0,2,0,0,0,0,,2
Public Class,org.junit.vintage.engine.samples.junit4.DynamicRunner,5,1,3,0,0,5,3,,16
Public Class,org.junit.vintage.engine.samples.junit4.EmptyIgnoredTestCase,0,0,1,0,0,1,0,,3
Public Class,org.junit.vintage.engine.samples.junit4.EnclosedJUnit4TestCase,0,0,1,0,0,3,0,,15
Public Class,org.junit.vintage.engine.samples.junit4.EnclosedWithParameterizedChildrenJUnit4TestCase,0,0,1,0,0,1,0,,29
Public Class,org.junit.vintage.engine.samples.junit4.ExceptionThrowingRunner,2,1,3,0,0,4,2,,9
Public Class,org.junit.vintage.engine.samples.junit4.IgnoredJUnit4TestCase,2,1,1,0,0,3,2,,11
Public Class,org.junit.vintage.engine.samples.junit4.IgnoredJUnit4TestCaseWithNotFilterableRunner,0,0,2,0,0,1,0,,3
Public Class,org.junit.vintage.engine.samples.junit4.IgnoredParameterizedTestCase,2,1,1,100,0,8,2,,13
Public Class,org.junit.vintage.engine.samples.junit4.JUnit4ParallelClassesTestCase,0,0,1,0,0,1,0,,33
Public Class,org.junit.vintage.engine.samples.junit4.JUnit4ParallelMethodsTestCase,0,0,1,0,0,1,0,,41
Public Class,org.junit.vintage.engine.samples.junit4.JUnit4ParameterizedTestCase,6,1,1,0,0,3,6,,24
Public Class,org.junit.vintage.engine.samples.junit4.JUnit4SuiteOfSuiteWithFilterableChildRunner,0,0,1,0,0,2,0,,4
Public Class,org.junit.vintage.engine.samples.junit4.JUnit4SuiteOfSuiteWithIgnoredJUnit4TestCase,0,0,1,0,0,2,0,,4
Public Class,org.junit.vintage.engine.samples.junit4.JUnit4SuiteOfSuiteWithJUnit4TestCaseWithAssumptionFailureInBeforeClass,0,0,1,0,0,2,0,,4
Public Class,org.junit.vintage.engine.samples.junit4.JUnit4SuiteOfSuiteWithJUnit4TestCaseWithErrorInBeforeClass,0,0,1,0,0,2,0,,4
Public Class,org.junit.vintage.engine.samples.junit4.JUnit4SuiteWithExceptionThrowingRunner,0,0,1,0,0,2,0,,4
Public Class,org.junit.vintage.engine.samples.junit4.JUnit4SuiteWithIgnoredJUnit4TestCase,0,0,1,0,0,2,0,,4
Public Class,org.junit.vintage.engine.samples.junit4.JUnit4SuiteWithJUnit3SuiteWithSingleTestCase,0,0,1,0,0,2,0,,4
Public Class,org.junit.vintage.engine.samples.junit4.JUnit4SuiteWithJUnit4TestCaseWithAssumptionFailureInBeforeClass,0,0,1,0,0,2,0,,4
Public Class,org.junit.vintage.engine.samples.junit4.JUnit4SuiteWithJUnit4TestCaseWithErrorInBeforeClass,0,0,1,0,0,2,0,,4
Public Class,org.junit.vintage.engine.samples.junit4.JUnit4SuiteWithJUnit4TestCaseWithFailingDescriptionThatIsNotReportedAsFinished,0,0,1,0,0,2,0,,5
Public Class,org.junit.vintage.engine.samples.junit4.JUnit4SuiteWithJUnit4TestCaseWithRunnerWithCustomUniqueIdsAndDisplayNames,0,0,1,0,0,2,0,,4
Public Class,org.junit.vintage.engine.samples.junit4.JUnit4SuiteWithPlainJUnit4TestCaseWithSingleTestWhichIsIgnored,0,0,1,0,0,2,0,,4
Public Class,org.junit.vintage.engine.samples.junit4.JUnit4SuiteWithTwoTestCases,0,0,1,0,0,2,0,,4
Public Class,org.junit.vintage.engine.samples.junit4.JUnit4TestCaseWithAssumptionFailureInBeforeClass,2,1,1,0,0,3,2,,10
Public Class,org.junit.vintage.engine.samples.junit4.JUnit4TestCaseWithDistinguishableOverloadedMethod,2,1,1,0,0,4,2,,11
Public Class,org.junit.vintage.engine.samples.junit4.JUnit4TestCaseWithErrorCollectorStoringMultipleFailures,2,1,1,50,0,5,2,,13
Public Class,org.junit.vintage.engine.samples.junit4.JUnit4TestCaseWithErrorInAfterClass,3,1,1,0,0,3,3,,14
Public Class,org.junit.vintage.engine.samples.junit4.JUnit4TestCaseWithErrorInBeforeClass,2,1,1,0,0,2,2,,10
Public Class,org.junit.vintage.engine.samples.junit4.JUnit4TestCaseWithExceptionThrowingRunner,0,0,1,0,0,2,0,,4
Public Class,org.junit.vintage.engine.samples.junit4.JUnit4TestCaseWithFailingDescriptionThatIsNotReportedAsFinished,1,1,1,0,0,2,1,,7
Public Class,org.junit.vintage.engine.samples.junit4.JUnit4TestCaseWithIndistinguishableOverloadedMethod,2,1,1,100,0,3,2,,13
Public Class,org.junit.vintage.engine.samples.junit4.JUnit4TestCaseWithNotFilterableRunner,1,1,1,0,1,4,1,,8
Public Class,org.junit.vintage.engine.samples.junit4.JUnit4TestCaseWithRunnerWithCustomUniqueIdsAndDisplayNames,1,1,1,0,0,4,1,,9
Public Class,org.junit.vintage.engine.samples.junit4.JUnit4TestCaseWithRunnerWithDuplicateChangingChildDescriptions,0,0,1,0,0,1,0,,33
Public Class,org.junit.vintage.engine.samples.junit4.MalformedJUnit4TestCase,1,1,1,0,0,2,1,,7
Public Class,org.junit.vintage.engine.samples.junit4.NotFilterableRunner,1,1,3,0,0,1,1,,5
Public Class,org.junit.vintage.engine.samples.junit4.ParameterizedTestCase,2,1,1,50,0,7,2,,13
Public Class,org.junit.vintage.engine.samples.junit4.ParameterizedTimingTestCase,5,1,1,60,0,14,5,,29
Public Class,org.junit.vintage.engine.samples.junit4.ParameterizedWithAfterParamFailureTestCase,3,1,1,67,0,8,3,,17
Public Class,org.junit.vintage.engine.samples.junit4.ParameterizedWithBeforeParamFailureTestCase,3,1,1,67,0,8,3,,17
Public Class,org.junit.vintage.engine.samples.junit4.PlainJUnit4TestCaseWithFiveTestMethods,5,1,1,0,0,7,5,,29
Public Class,org.junit.vintage.engine.samples.junit4.PlainJUnit4TestCaseWithLifecycleMethods,7,1,1,0,0,9,7,,34
Public Class,org.junit.vintage.engine.samples.junit4.PlainJUnit4TestCaseWithSingleInheritedTestWhichFails,0,0,2,0,0,0,0,,2
Public Class,org.junit.vintage.engine.samples.junit4.PlainJUnit4TestCaseWithSingleTestWhichFails,1,1,1,0,1,1,1,,6
Public Class,org.junit.vintage.engine.samples.junit4.PlainJUnit4TestCaseWithSingleTestWhichIsIgnored,1,1,1,0,0,3,1,,7
Public Class,org.junit.vintage.engine.samples.junit4.PlainJUnit4TestCaseWithTwoTestMethods,2,1,1,0,0,5,2,,12
Public Class,org.junit.vintage.engine.samples.junit4.RunnerThatOnlyReportsFailures,3,1,2,0,0,7,2,,15
Public Class,org.junit.vintage.engine.samples.junit4.RunnerWithCustomUniqueIdsAndDisplayNames,7,1,2,0,0,10,5,,41
Public Class,org.junit.vintage.engine.samples.junit4.SingleFailingTheoryTestCase,1,1,1,0,0,3,1,,7
Public Class,org.junit.vintage.engine.samples.junit4.TestCaseRunWithJUnitPlatformRunner,0,0,1,0,0,3,0,,5
Public Class,org.junit.vintage.engine.support.UniqueIdReader,4,1,1,33,0,9,3,,20
Public Class,org.junit.vintage.engine.support.UniqueIdStringifier,6,2,1,0,0,14,3,,27